<?xml version="1.0" encoding="UTF-8" standalone="yes"?>
<addon id="service.script.integrator"
    name="Integrator"
    version="0.0.1"
    provider-name="">
    <requires>
        <import addon="xbmc.python" version="2.1.0"/>
        <import addon="script.module.pydevd" version="3.4.1"/>
    </requires>
    <extension point="xbmc.service" library="service.py" start="login" />
    <extension point="xbmc.addon.metadata">
        <platform>all</platform>
        <summary lang="en"></summary>
    </extension>
</addon>