<?xml version="1.0" encoding="UTF-8"?>
    <addon id="repository.jjurlits" name="jjurlits repo" version="0.0.1" provider-name="Jurij Jurlits">
        <requires>
            <import addon="xbmc.addon" version="12.0.0"/>
        </requires>
        <extension point="xbmc.addon.repository" name="jjurlits repo">
            <info compressed="false">https://raw.githubusercontent.com/olehzahor/kodi-repo-bootstrap/master/_repo/addons.xml</info>
            <checksum>https://raw.githubusercontent.com/olehzahor/kodi-repo-bootstrap/master/_repo/addons.xml.md5</checksum>
            <datadir zip="true">https://raw.githubusercontent.com/olehzahor/kodi-repo-bootstrap/master/_repo/</datadir>
            <hashes>false</hashes>
        </extension>
        <extension point="xbmc.addon.metadata">
            <summary></summary>
            <description></description>
            <platform>all</platform>
    </extension>
</addon>